VRP,A1(M) JUNCTION 4,A1(M) JUNCTION 4,51.779167,-0.224444
VRP,A1(M) JUNCTION 57 (A66(M)),A1(M) JUNCTION 57 (A66(M)),54.5,-1.626667
VRP,A1/A57 CLUMBER INTERCHANGE,A1/A57 CLUMBER INTERCHANGE,53.296389,-1.032222
VRP,A1/M18 WADWORTH INTERCHANGE,A1/M18 WADWORTH INTERCHANGE,53.479167,-1.148333
VRP,A140 AYLSHAM ROUNDABOUT,A140 AYLSHAM ROUNDABOUT,52.784444,1.255278
VRP,A25 (GODSTONE JUNCTION),A25 (GODSTONE JUNCTION),51.247222,-0.066944
VRP,A31 TONGHAM ROUNDABOUT,A31 TONGHAM ROUNDABOUT,51.228333,-0.742222
VRP,A494/A541 MOLD TOWN ROUNDABOUT,A494/A541 MOLD TOWN ROUNDABOUT,53.165,-3.125278
VRP,ACHMORE VILLAGE,ACHMORE VILLAGE,58.167222,-6.561944
VRP,AINTREE RACECOURSE,AINTREE RACECOURSE,53.476667,-2.943056
VRP,ALDERLEY EDGE HILL,ALDERLEY EDGE HILL,53.295278,-2.212222
VRP,ALDERNEY LIGHTHOUSE,ALDERNEY LIGHTHOUSE,49.729119,-2.164233
VRP,ALEXANDRIA,ALEXANDRIA,55.988889,-4.576389
VRP,ALLY PALLY,ALLY PALLY,51.594386,-0.129694
VRP,ALTON,ALTON,51.151944,-0.966111
VRP,ARDMORE POINT,ARDMORE POINT,55.971389,-4.699167
VRP,ARNISH FABRICATION YARD,ARNISH FABRICATION YARD,58.188611,-6.378056
VRP,ARSENAL,ARSENAL,51.554983,-0.108489
VRP,ARTHINGTON VIADUCT (ATH),ARTHINGTON VIADUCT (ATH),53.905556,-1.601111
VRP,ARTHUR'S SEAT,ARTHUR'S SEAT,55.943889,-3.161667
VRP,ASCOT,ASCOT,51.420714,-0.659186
VRP,ATTLEBRIDGE (DISUSED AD),ATTLEBRIDGE (DISUSED AD),52.693333,1.108611
VRP,AUDLEY END RAILWAY STATION,AUDLEY END RAILWAY STATION,52.004167,0.206944
VRP,AXMINSTER,AXMINSTER,50.781667,-2.998333
VRP,BAGSHOT,BAGSHOT,51.349167,-0.699167
VRP,BAILLIESTON,BAILLIESTON,55.852778,-4.089444
VRP,BALEPHETRISH BAY,BALEPHETRISH BAY,56.520556,-6.866667
VRP,BALLYMENA,BALLYMENA,54.863333,-6.273333
VRP,BAMPTON,BAMPTON,51.725,-1.546667
VRP,BANBURY RESERVOIR,BANBURY RESERVOIR,51.604444,-0.035
VRP,BANCHORY,BANCHORY,57.05,-2.501667
VRP,BARRHEAD,BARRHEAD,55.8,-4.391667
VRP,BARROW TANKS RESERVOIRS,BARROW TANKS RESERVOIRS,51.4064,-2.662739
VRP,BATH RACECOURSE,BATH RACECOURSE,51.417067,-2.404031
VRP,BATHGATE RAILWAY STATION,BATHGATE RAILWAY STATION,55.896944,-3.636111
VRP,BEAULIEU (DISUSED AD),BEAULIEU (DISUSED AD),50.804167,-1.503889
VRP,BEAULY RAIL BRIDGE,BEAULY RAIL BRIDGE,57.476111,-4.462222
VRP,BECKTON ROUNDABOUT,BECKTON ROUNDABOUT,51.525278,0.073333
VRP,BEESTON CASTLE,BEESTON CASTLE,53.128333,-2.691944
VRP,BELAIR PARK,BELAIR PARK,51.443286,-0.089539
VRP,BERNERS LAKE,BERNERS LAKE,51.763722,0.302997
VRP,BILLERICAY LAKE MEADOWS PARK,BILLERICAY LAKE MEADOWS PARK,51.633333,0.416667
VRP,BILLINGSHURST,BILLINGSHURST,51.015,-0.45
VRP,BISHOP WOOD (NORTH),BISHOP WOOD (NORTH),53.809239,-1.158658
VRP,BISHOPS WALTHAM,BISHOPS WALTHAM,50.954722,-1.209722
VRP,BISHOPTON,BISHOPTON,55.902222,-4.501667
VRP,BLAGDON LAKE,BLAGDON LAKE,51.337222,-2.713056
VRP,BLAYDON,BLAYDON,54.968333,-1.693611
VRP,BLYTH WINDFARM,BLYTH WINDFARM,55.123333,-1.493611
VRP,BOLAM LAKE,BOLAM LAKE,55.131389,-1.874444
VRP,BORRAS QUARRY,BORRAS QUARRY,53.068214,-2.951586
VRP,BOTTESFORD (DISUSED AD),BOTTESFORD (DISUSED AD),52.964722,-0.781667
VRP,BRAINTREE,BRAINTREE,51.878333,0.553889
VRP,BRENT RESERVOIR,BRENT RESERVOIR,51.566964,-0.256092
VRP,BRIGG,BRIGG,53.553333,-0.486667
VRP,BRIGHTON MARINA,BRIGHTON MARINA,50.810833,-0.100833
VRP,BROUGHTY CASTLE,BROUGHTY CASTLE,56.4625,-2.869722
VRP,BRUNDALL MARINA,BRUNDALL MARINA,52.617778,1.433333
VRP,BUCKLAND,BUCKLAND,51.24,-0.245833
VRP,BULLINGTON CROSS,BULLINGTON CROSS,51.175169,-1.339303
VRP,BUNCRANA PIER,BUNCRANA PIER,55.126667,-7.464167
VRP,BURFORD,BURFORD,51.806667,-1.636667
VRP,BURGESS PARK,BURGESS PARK,51.484883,-0.079547
VRP,BURNHAM,BURNHAM,51.519014,-0.677186
VRP,BURTONWOOD SERVICES,BURTONWOOD SERVICES,53.416667,-2.638056
VRP,BUTSER HILL MAST,BUTSER HILL MAST,50.976667,-0.982222
VRP,BUTT OF LEWIS LIGHTHOUSE,BUTT OF LEWIS LIGHTHOUSE,58.515556,-6.260833
VRP,BUXTON,BUXTON,53.255833,-1.912778
VRP,BYFLEET BRIDGE,BYFLEET BRIDGE,51.339853,-0.485192
VRP,CAISTOR,CAISTOR,53.496111,-0.318333
VRP,CALSHOT BEACH,CALSHOT BEACH,50.8125,-1.310833
VRP,CANAL BEND,CANAL BEND,51.650556,-0.426944
VRP,CANFIELD A120/B1256 INTERCHANGE,CANFIELD A120/B1256 INTERCHANGE,51.870478,0.323103
VRP,CAP DE LA HAGUE,CAP DE LA HAGUE,49.716667,-1.933333
VRP,CARDIFF DOCKS,CARDIFF DOCKS,51.456667,-3.151667
VRP,CARROWKEEL,CARROWKEEL,55.125,-7.195
VRP,CARTERET LIGHTHOUSE,CARTERET LIGHTHOUSE,49.373333,-1.806667
VRP,CASQUETS LIGHTHOUSE,CASQUETS LIGHTHOUSE,49.722222,-2.376944
VRP,CASTLETOWN (DISUSED AD),CASTLETOWN (DISUSED AD),58.585278,-3.350278
VRP,CAWDOR CASTLE,CAWDOR CASTLE,57.523333,-3.928333
VRP,CHAIN BAR ROUNDABOUT (CBR),CHAIN BAR ROUNDABOUT (CBR),53.736667,-1.726389
VRP,CHARLBURY,CHARLBURY,51.871667,-1.481667
VRP,CHEDDAR RESERVOIR,CHEDDAR RESERVOIR,51.279722,-2.801389
VRP,CHELMSFORD,CHELMSFORD,51.733333,0.473333
VRP,CHEW VALLEY,CHEW VALLEY,51.325,-2.595
VRP,CHIPPENHAM,CHIPPENHAM,51.46,-2.123333
VRP,CHIPPING ONGAR A414/B184 INTERCHANGE,CHIPPING ONGAR A414/B184 INTERCHANGE,51.712656,0.245006
VRP,CHURCH BROUGHTON (DISUSED AD),CHURCH BROUGHTON (DISUSED AD),52.886111,-1.698333
VRP,CHURCHILL,CHURCHILL,51.333333,-2.793333
VRP,CLATWORTHY RESERVOIR,CLATWORTHY RESERVOIR,51.072994,-3.369217
VRP,CLAUDY CROSSROADS,CLAUDY CROSSROADS,54.911667,-7.153333
VRP,CLEVEDON,CLEVEDON,51.439167,-2.851389
VRP,CLIFTON SUSPENSION BRIDGE,CLIFTON SUSPENSION BRIDGE,51.455,-2.627778
VRP,CLUNTOE (DISUSED AD),CLUNTOE (DISUSED AD),54.620556,-6.533889
VRP,COBBINSHAW RESERVOIR,COBBINSHAW RESERVOIR,55.807778,-3.566667
VRP,COLERAINE A37 BRIDGE,COLERAINE A37 BRIDGE,55.123333,-6.669722
VRP,COLTISHALL (DISUSED AD),COLTISHALL (DISUSED AD),52.753056,1.355278
VRP,COMBER,COMBER,54.550833,-5.745833
VRP,CONGLETON,CONGLETON,53.165,-2.180833
VRP,CORBIERE LIGHTHOUSE,CORBIERE LIGHTHOUSE,49.179722,-2.25
VRP,COWES,COWES,50.761464,-1.293092
VRP,CREDITON,CREDITON,50.790556,-3.651389
VRP,CULLODEN VIADUCT,CULLODEN VIADUCT,57.477778,-4.0625
VRP,CULLOMPTON,CULLOMPTON,50.857778,-3.393889
VRP,CULZEAN BAY,CULZEAN BAY,55.369444,-4.768056
VRP,CUMNOCK (A70 ROUNDABOUT),CUMNOCK (A70 ROUNDABOUT),55.453889,-4.284167
VRP,DALKEITH,DALKEITH,55.893333,-3.068333
VRP,DALMELLINGTON (B741 ROUNDABOUT),DALMELLINGTON (B741 ROUNDABOUT),55.323333,-4.397222
VRP,DALRYMPLE (B742 JUNCTION),DALRYMPLE (B742 JUNCTION),55.397222,-4.5925
VRP,DANESHILL LAKES,DANESHILL LAKES,53.360278,-0.935278
VRP,DEBDEN (DISUSED AD),DEBDEN (DISUSED AD),51.991958,0.274828
VRP,DERWENT RESERVOIR,DERWENT RESERVOIR,54.866667,-1.98
VRP,DEWSBURY (DBY),DEWSBURY (DBY),53.691667,-1.635
VRP,DIAMOND HANGAR (HANGAR 8),DIAMOND HANGAR (HANGAR 8),51.877778,0.235833
VRP,DINGWALL STADIUM,DINGWALL STADIUM,57.595556,-4.419167
VRP,DIVIS,DIVIS,54.6075,-6.009444
VRP,DOONFOOT (MILLENNIUM BRIDGE),DOONFOOT (MILLENNIUM BRIDGE),55.440278,-4.650833
VRP,DORES,DORES,57.381944,-4.331944
VRP,DORKING,DORKING,51.226944,-0.335
VRP,DOVESTONES RESERVOIRS,DOVESTONES RESERVOIRS,53.5375,-1.97
VRP,DRAYCOTE WATER,DRAYCOTE WATER,52.326111,-1.326389
VRP,DRESWICK POINT LIGHTHOUSE,DRESWICK POINT LIGHTHOUSE,54.055,-4.625
VRP,DUMBARTON,DUMBARTON,55.944444,-4.568333
VRP,DUNCANSBY HEAD LIGHTHOUSE,DUNCANSBY HEAD LIGHTHOUSE,58.643889,-3.025278
VRP,DUNGIVEN,DUNGIVEN,54.928333,-6.925
VRP,DUNMAGLASS WINDFARM,DUNMAGLASS WINDFARM,57.242222,-4.255556
VRP,DURHAM,DURHAM,54.773889,-1.576667
VRP,EAST KILBRIDE,EAST KILBRIDE,55.763889,-4.172222
VRP,EAST NAILSEA,EAST NAILSEA,51.43,-2.735
VRP,ECCUP RESERVOIR (ECP),ECCUP RESERVOIR (ECP),53.871111,-1.543333
VRP,ELLESMERE LAKE,ELLESMERE LAKE,52.906389,-2.883333
VRP,ELSHAM WOLDS,ELSHAM WOLDS,53.608611,-0.428056
VRP,EPPING,EPPING,51.7,0.111111
VRP,ERSKINE BRIDGE,ERSKINE BRIDGE,55.920278,-4.462778
VRP,EXMOUTH,EXMOUTH,50.624722,-3.402222
VRP,FARINGDON,FARINGDON,51.655,-1.586667
VRP,FARMOOR RESERVOIR,FARMOOR RESERVOIR,51.753333,-1.356667
VRP,FARNHAM CASTLE,FARNHAM CASTLE,51.218611,-0.802222
VRP,FIDDLERS FERRY POWER STATION,FIDDLERS FERRY POWER STATION,53.371775,-2.687786
VRP,FLAT HOLM LIGHTHOUSE,FLAT HOLM LIGHTHOUSE,51.375556,-3.118611
VRP,FLEET POND,FLEET POND,51.288611,-0.824722
VRP,FLEETWOOD (GOLF COURSE),FLEETWOOD (GOLF COURSE),53.918889,-3.045278
VRP,FLINT BRIDGE,FLINT BRIDGE,53.229444,-3.066667
VRP,FOOT,FOOT,59.028611,-2.806389
VRP,FORT LE MARCHANT,FORT LE MARCHANT,49.508889,-2.518611
VRP,FORTH ROAD BRIDGE (NORTH TOWER),FORTH ROAD BRIDGE (NORTH TOWER),56.006111,-3.403889
VRP,FRANKLEY RESERVOIRS,FRANKLEY RESERVOIRS,52.420278,-1.998611
VRP,FREMONT TV MAST,FREMONT TV MAST,49.251667,-2.131389
VRP,FRENSHAM GREAT POND,FRENSHAM GREAT POND,51.154444,-0.791667
VRP,FRODSHAM HILL,FRODSHAM HILL,53.287153,-2.724797
VRP,GAINSBOROUGH,GAINSBOROUGH,53.392778,-0.770833
VRP,GARSTANG MARINA,GARSTANG MARINA,53.905417,-2.791722
VRP,GARSTON DOCKS,GARSTON DOCKS,53.352767,-2.906767
VRP,GLENGORMLEY M2/J4,GLENGORMLEY M2/J4,54.680556,-5.981667
VRP,GLOSSOP,GLOSSOP,53.440556,-1.917778
VRP,GODSTONE RAILWAY STATION,GODSTONE RAILWAY STATION,51.218056,-0.051111
VRP,GOLF COURSE,GOLF COURSE,51.666667,-0.215556
VRP,GOOLE DOCKS,GOOLE DOCKS,53.696944,-0.877778
VRP,GREENOCK,GREENOCK,55.947222,-4.751389
VRP,GRIM'S TOWER,GRIM'S TOWER,51.622903,-0.356547
VRP,GROOMSPORT,GROOMSPORT,54.675,-5.618056
VRP,GUILDFORD RAILWAY STATION,GUILDFORD RAILWAY STATION,51.237222,-0.581389
VRP,HALE HEAD LIGHTHOUSE,HALE HEAD LIGHTHOUSE,53.3225,-2.794444
VRP,HANDCROSS,HANDCROSS,51.052778,-0.202222
VRP,HANGAR 12,HANGAR 12,51.885556,0.222222
VRP,HANOIS LIGHTHOUSE,HANOIS LIGHTHOUSE,49.435,-2.7025
VRP,HARDWICK HALL,HARDWICK HALL,54.6575,-1.465833
VRP,HARROGATE (HGT) RAILWAY STATION,HARROGATE (HGT) RAILWAY STATION,53.9925,-1.5375
VRP,HARTLEPOOL MARINA,HARTLEPOOL MARINA,54.691667,-1.199167
VRP,HAVERHILL,HAVERHILL,52.0825,0.434444
VRP,HAXEY,HAXEY,53.490278,-0.843611
VRP,HAYWARDS HEATH,HAYWARDS HEATH,51.0075,-0.096111
VRP,HAZELEND WOOD,HAZELEND WOOD,51.894133,0.170847
VRP,HEADS OF AYR,HEADS OF AYR,55.432778,-4.713056
VRP,HEATON INTERCHANGE,HEATON INTERCHANGE,53.55,-2.261111
VRP,HEAUVILLE,HEAUVILLE,49.583056,-1.801944
VRP,HELSBY HILL,HELSBY HILL,53.273419,-2.763233
VRP,HENGISTBURY HEAD,HENGISTBURY HEAD,50.711944,-1.748889
VRP,HERM ISLAND,HERM ISLAND,49.471686,-2.448739
VRP,HETHEL (DISUSED AD),HETHEL (DISUSED AD),52.5625,1.175
VRP,HEXHAM,HEXHAM,54.970833,-2.102778
VRP,HILLEND SKI SLOPE,HILLEND SKI SLOPE,55.888333,-3.208333
VRP,HILLTOP,HILLTOP,53.341667,-2.174167
VRP,HOOK RAILWAY STATION,HOOK RAILWAY STATION,51.279444,-0.961944
VRP,HULTON INDUSTRIAL ESTATE,HULTON INDUSTRIAL ESTATE,53.535078,-2.451267
VRP,HURST CASTLE,HURST CASTLE,50.708056,-1.550278
VRP,HYDE,HYDE,51.844167,-0.366111
VRP,HYNISH BAY,HYNISH BAY,56.484444,-6.879167
VRP,IMMINGHAM DOCKS,IMMINGHAM DOCKS,53.628333,-0.193333
VRP,INSCH,INSCH,57.342778,-2.614167
VRP,INSKIP (DISUSED AD),INSKIP (DISUSED AD),53.827222,-2.834167
VRP,INVERGORDON PORT,INVERGORDON PORT,57.685,-4.173333
VRP,INVERKIP POWER STATION,INVERKIP POWER STATION,55.898333,-4.886667
VRP,IRLAM BRIDGE,IRLAM BRIDGE,53.438889,-2.413056
VRP,IRVINE HARBOUR,IRVINE HARBOUR,55.610833,-4.698611
VRP,JAGUAR CAR FACTORY,JAGUAR CAR FACTORY,53.353517,-2.835778
VRP,JODRELL BANK,JODRELL BANK,53.236389,-2.309167
VRP,KEISS VILLAGE,KEISS VILLAGE,58.533333,-3.123333
VRP,KESWICK ROUNDABOUT,KESWICK ROUNDABOUT,52.588056,1.275
VRP,KIDBROOKE FLATS,KIDBROOKE FLATS,51.461469,0.026856
VRP,KILMACOLM,KILMACOLM,55.894444,-4.6275
VRP,KILMARNOCK RAILWAY STATION,KILMARNOCK RAILWAY STATION,55.6125,-4.498333
VRP,KIMPTON HALL,KIMPTON HALL,51.845833,-0.296667
VRP,KINGSTON BRIDGE,KINGSTON BRIDGE,55.856111,-4.269722
VRP,KINLOSS (DISUSED AD),KINLOSS (DISUSED AD),57.649167,-3.561667
VRP,KIRKBY,KIRKBY,53.48,-2.881667
VRP,KIRKCALDY HARBOUR,KIRKCALDY HARBOUR,56.113889,-3.15
VRP,KIRKNEWTON,KIRKNEWTON,55.8875,-3.418056
VRP,LACEBY CROSSROADS,LACEBY CROSSROADS,53.535278,-0.180278
VRP,LAMALOAD RESERVOIR,LAMALOAD RESERVOIR,53.272222,-2.0425
VRP,LAMB HOLM ISLAND,LAMB HOLM ISLAND,58.887222,-2.893333
VRP,LARNE,LARNE,54.853333,-5.825278
VRP,LAVERNOCK POINT,LAVERNOCK POINT,51.406389,-3.170556
VRP,LAXEY HARBOUR,LAXEY HARBOUR,54.225278,-4.389444
VRP,LECHLADE,LECHLADE,51.693333,-1.69
VRP,LEIGH FLASH,LEIGH FLASH,53.489722,-2.559722
VRP,LENWADE LAKES,LENWADE LAKES,52.718611,1.1025
VRP,LES LANDES RACECOURSE,LES LANDES RACECOURSE,49.253056,-2.245833
VRP,LETTERKENNY CATHEDRAL,LETTERKENNY CATHEDRAL,54.950556,-7.74
VRP,LEWES INTERSECTION (A27(T)/A26),LEWES INTERSECTION (A27(T)/A26),50.864444,0.024167
VRP,LICHFIELD CITY RAILWAY JUNCTION,LICHFIELD CITY RAILWAY JUNCTION,52.686111,-1.798611
VRP,LIFFORD BRIDGE,LIFFORD BRIDGE,54.831389,-7.480833
VRP,LITTLEHAMPTON,LITTLEHAMPTON,50.812778,-0.546389
VRP,LLANDEGFEDD RESERVOIR,LLANDEGFEDD RESERVOIR,51.691589,-2.970697
VRP,LOCH WATTEN,LOCH WATTEN,58.483333,-3.335
VRP,LOCHINDORB,LOCHINDORB,57.402778,-3.715833
VRP,LOCHMADDY PIER,LOCHMADDY PIER,57.596111,-7.156667
VRP,LONDON EYE,LONDON EYE,51.503478,-0.119847
VRP,LONDON GATEWAY PORT,LONDON GATEWAY PORT,51.504722,0.503056
VRP,LONDON STADIUM,LONDON STADIUM,51.538456,-0.016483
VRP,LONGANNET POWER STATION,LONGANNET POWER STATION,56.048889,-3.6825
VRP,LUSSA LOCH,LUSSA LOCH,55.510556,-5.628611
VRP,LYBSTER VILLAGE,LYBSTER VILLAGE,58.3,-3.285
VRP,M1 JUNCTION 22 (MARKFIELD),M1 JUNCTION 22 (MARKFIELD),52.695556,-1.2925
VRP,M1 JUNCTION 8,M1 JUNCTION 8,51.756111,-0.416111
VRP,M1 JUNCTION 9,M1 JUNCTION 9,51.820278,-0.418056
VRP,M1/A1(M) JUNCTION,M1/A1(M) JUNCTION,53.814375,-1.340353
VRP,M1/M18 THURCROFT INTERCHANGE,M1/M18 THURCROFT INTERCHANGE,53.392778,-1.278611
VRP,M11 JUNCTION 4,M11 JUNCTION 4,51.593889,0.036944
VRP,M18 STAINFORTH SERVICES,M18 STAINFORTH SERVICES,53.591389,-0.9875
VRP,M25 JUNCTION 13,M25 JUNCTION 13,51.444414,-0.529394
VRP,M25 JUNCTION 7/M23 JUNCTION 8,M25 JUNCTION 7/M23 JUNCTION 8,51.263889,-0.128056
VRP,M27 JUNCTION 2 (OWER),M27 JUNCTION 2 (OWER),50.945867,-1.529625
VRP,M3 JUNCTION 3,M3 JUNCTION 3,51.35585,-0.680667
VRP,M3 JUNCTION 4,M3 JUNCTION 4,51.316389,-0.756944
VRP,M4 JUNCTION 18,M4 JUNCTION 18,51.501944,-2.35
VRP,M4 JUNCTION 24,M4 JUNCTION 24,51.601944,-2.925556
VRP,M4 JUNCTION 36 (SERVICES),M4 JUNCTION 36 (SERVICES),51.532222,-3.573333
VRP,M40 JUNCTION 2,M40 JUNCTION 2,51.594361,-0.627533
VRP,M40/M42 INTERCHANGE,M40/M42 INTERCHANGE,52.348611,-1.809722
VRP,M42 JUNCTION 10 (TAMWORTH),M42 JUNCTION 10 (TAMWORTH),52.603333,-1.6425
VRP,M42 JUNCTION 11 (MEASHAM),M42 JUNCTION 11 (MEASHAM),52.688889,-1.548056
VRP,M48 OLD SEVERN BRIDGE,M48 OLD SEVERN BRIDGE,51.611111,-2.643611
VRP,M5 AVON BRIDGE,M5 AVON BRIDGE,51.488906,-2.692942
VRP,M5 SEDGEMOOR SERVICES,M5 SEDGEMOOR SERVICES,51.268919,-2.921272
VRP,M53 JUNCTION 11 (STOAK INTERCHANGE),M53 JUNCTION 11 (STOAK INTERCHANGE),53.250833,-2.872778
VRP,M55 JUNCTION 3,M55 JUNCTION 3,53.806944,-2.889722
VRP,M55 JUNCTION 4,M55 JUNCTION 4,53.793883,-2.984794
VRP,M56 JUNCTION 10,M56 JUNCTION 10,53.334444,-2.571389
VRP,M56 JUNCTION 11,M56 JUNCTION 11,53.327222,-2.643611
VRP,M6 HILTON PARK SERVICES,M6 HILTON PARK SERVICES,52.643889,-2.056389
VRP,M6 JUNCTION 3 (BEDWORTH),M6 JUNCTION 3 (BEDWORTH),52.4625,-1.494167
VRP,M6 JUNCTION 30/M61,M6 JUNCTION 30/M61,53.735583,-2.648917
VRP,M6 JUNCTION 32/M55,M6 JUNCTION 32/M55,53.807611,-2.699667
VRP,M6 SANDBACH SERVICES,M6 SANDBACH SERVICES,53.139444,-2.336389
VRP,M8 JUNCTION 1 (HERMISTON),M8 JUNCTION 1 (HERMISTON),55.925,-3.311944
VRP,M9 JUNCTION 1A (KIRKLISTON),M9 JUNCTION 1A (KIRKLISTON),55.955,-3.418889
VRP,M9 JUNCTION 2 (PHILPSTOUN),M9 JUNCTION 2 (PHILPSTOUN),55.981667,-3.511944
VRP,M9 JUNCTION 4 (POLMONT),M9 JUNCTION 4 (POLMONT),55.988889,-3.683333
VRP,M90 JUNCTION 4 (KELTY),M90 JUNCTION 4 (KELTY),56.129722,-3.394167
VRP,MACCLESFIELD SOUTH,MACCLESFIELD SOUTH,53.236111,-2.134722
VRP,MAPLE CROSS,MAPLE CROSS,51.629444,-0.504167
VRP,MAUCHLINE (A76 JUNCTION),MAUCHLINE (A76 JUNCTION),55.515833,-4.379167
VRP,MELDRUM TV MAST,MELDRUM TV MAST,57.385889,-2.400861
VRP,MELTON MOWBRAY (DISUSED AD),MELTON MOWBRAY (DISUSED AD),52.739444,-0.892778
VRP,MIDDLEBROOK STADIUM,MIDDLEBROOK STADIUM,53.580556,-2.535556
VRP,MINEHEAD,MINEHEAD,51.205833,-3.475
VRP,MINQUIES,MINQUIES,48.966667,-2.133333
VRP,MONACH ISLANDS LIGHTHOUSE,MONACH ISLANDS LIGHTHOUSE,57.526389,-7.694167
VRP,MONTFORD BRIDGE (DISUSED AD),MONTFORD BRIDGE (DISUSED AD),52.748611,-2.843611
VRP,MORPETH RAILWAY STATION,MORPETH RAILWAY STATION,55.1625,-1.682778
VRP,MOUSA LIGHTHOUSE,MOUSA LIGHTHOUSE,59.996944,-1.1575
VRP,MOVILLE QUAY,MOVILLE QUAY,55.186389,-7.041944
VRP,MULL OF KINTYRE LIGHTHOUSE,MULL OF KINTYRE LIGHTHOUSE,55.311389,-5.803333
VRP,MULL OF OA,MULL OF OA,55.591667,-6.338333
VRP,MUNLOCHY BAY POINT,MUNLOCHY BAY POINT,57.541944,-4.210833
VRP,MUSSELBURGH RACECOURSE,MUSSELBURGH RACECOURSE,55.947222,-3.040278
VRP,NABURN MARINA,NABURN MARINA,53.909403,-1.089667
VRP,NASH POINT LIGHTHOUSE,NASH POINT LIGHTHOUSE,51.400833,-3.552222
VRP,NEEDLES LIGHTHOUSE,NEEDLES LIGHTHOUSE,50.6625,-1.591389
VRP,NESTON,NESTON,53.291667,-3.06
VRP,NEW ALRESFORD,NEW ALRESFORD,51.088806,-1.14975
VRP,NEW BUILDINGS,NEW BUILDINGS,54.958333,-7.358333
VRP,NEWTON CUNNINGHAM,NEWTON CUNNINGHAM,54.998333,-7.506667
VRP,NOIRMONT POINT LIGHTHOUSE,NOIRMONT POINT LIGHTHOUSE,49.165278,-2.168056
VRP,NORFOLK SHOWGROUND,NORFOLK SHOWGROUND,52.650278,1.185278
VRP,NORTH COAST,NORTH COAST,55.933333,-6.165
VRP,NORTH TERMINAL,NORTH TERMINAL,51.161111,-0.178689
VRP,NORTH TOWER HUMBER BRIDGE,NORTH TOWER HUMBER BRIDGE,53.714167,-0.450556
VRP,NORTHALLERTON,NORTHALLERTON,54.338889,-1.431944
VRP,NORTHEY ISLAND,NORTHEY ISLAND,51.722222,0.721944
VRP,NORTHLEACH ROUNDABOUT,NORTHLEACH ROUNDABOUT,51.8375,-1.835833
VRP,NUNEATON (DISUSED AD),NUNEATON (DISUSED AD),52.565,-1.448056
VRP,NUTHAMPSTEAD AD,NUTHAMPSTEAD AD,51.99,0.061944
VRP,OFFLEY,OFFLEY,51.933611,-0.341667
VRP,OLNEY TOWN,OLNEY TOWN,52.153333,-0.701667
VRP,OUSTON (DISUSED AD),OUSTON (DISUSED AD),55.025,-1.875278
VRP,PADESWOOD CEMENT FACTORY,PADESWOOD CEMENT FACTORY,53.154444,-3.061667
VRP,PEEL CASTLE,PEEL CASTLE,54.226389,-4.698889
VRP,PENDEEN LIGHTHOUSE,PENDEEN LIGHTHOUSE,50.165278,-5.671944
VRP,PENICUIK,PENICUIK,55.831944,-3.223611
VRP,PETERHEAD,PETERHEAD,57.506944,-1.776667
VRP,PIRTON,PIRTON,51.971667,-0.331667
VRP,PLADDA,PLADDA,55.426389,-5.117778
VRP,POINT OF AYR LIGHTHOUSE,POINT OF AYR LIGHTHOUSE,53.357011,-3.322181
VRP,POINTE DE ROZEL,POINTE DE ROZEL,49.483056,-1.849722
VRP,PORT ELLEN,PORT ELLEN,55.633333,-6.19
VRP,PORTADOWN,PORTADOWN,54.425,-6.4475
VRP,POULTON (DISUSED AD),POULTON (DISUSED AD),53.132222,-2.891667
VRP,POULTON (RAILWAY STATION),POULTON (RAILWAY STATION),53.848333,-2.990278
VRP,PUCKERIDGE A10/A120 INTERCHANGE,PUCKERIDGE A10/A120 INTERCHANGE,51.885,0.004444
VRP,QEII,QEII,51.465142,0.259125
VRP,RADSTOCK,RADSTOCK,51.292222,-2.448611
VRP,REDCAR RACECOURSE,REDCAR RACECOURSE,54.607222,-1.064167
VRP,RHINNS POINT,RHINNS POINT,55.673333,-6.485
VRP,ROCHES DOUVRES LIGHTHOUSE,ROCHES DOUVRES LIGHTHOUSE,49.104167,-2.813333
VRP,ROMSEY,ROMSEY,50.990833,-1.495833
VRP,ROSEMARKIE MAST,ROSEMARKIE MAST,57.633889,-4.072778
VRP,ROSTHERNE,ROSTHERNE,53.353889,-2.385278
VRP,RUNCORN BRIDGE,RUNCORN BRIDGE,53.346339,-2.737892
VRP,SAINTFIELD,SAINTFIELD,54.460278,-5.832778
VRP,SALE WATER PARK,SALE WATER PARK,53.433333,-2.302778
VRP,SALTS MILL (SML),SALTS MILL (SML),53.838611,-1.788889
VRP,SANDA,SANDA,55.280556,-5.581389
VRP,SANDBANKS,SANDBANKS,50.683333,-1.947222
VRP,SCALPAY ISLAND,SCALPAY ISLAND,57.865833,-6.673611
VRP,SCARP ISLAND,SCARP ISLAND,58.024167,-7.133611
VRP,SEAFORTH DOCK,SEAFORTH DOCK,53.461389,-3.034722
VRP,SEYMOUR TOWER,SEYMOUR TOWER,49.1575,-2.007778
VRP,SHEERNESS DOCKS,SHEERNESS DOCKS,51.446944,0.744722
VRP,SHIANT ISLES,SHIANT ISLES,57.892778,-6.354722
VRP,SOUTH WOODHAM FERRERS SEWAGE WORKS,SOUTH WOODHAM FERRERS SEWAGE WORKS,51.644722,0.601667
VRP,SOUTHAM,SOUTHAM,52.2725,-1.384444
VRP,SOUTHAMPTON (SAM) VOR,SOUTHAMPTON (SAM) VOR,50.95525,-1.345056
VRP,SOUTHEND PIER SEAWARD END,SOUTHEND PIER SEAWARD END,51.515,0.721944
VRP,SOUTHERN HANGAR,SOUTHERN HANGAR,51.146619,-0.172856
VRP,SOUTHMINSTER LAKES,SOUTHMINSTER LAKES,51.657778,0.830278
VRP,SOUTHPORT PIER,SOUTHPORT PIER,53.655306,-3.021222
VRP,SPINNAKER TOWER,SPINNAKER TOWER,50.795556,-1.108611
VRP,SPRIGGS SOLAR FARM,SPRIGGS SOLAR FARM,51.967397,0.369025
VRP,ST ANNE'S PIER,ST ANNE'S PIER,53.749097,-3.035864
VRP,ST CATHERINE'S POINT,ST CATHERINE'S POINT,50.576389,-1.298056
VRP,ST GERMAIN,ST GERMAIN,49.233333,-1.633333
VRP,ST GILES,ST GILES,51.633889,-0.566944
VRP,ST HILARY TV MAST,ST HILARY TV MAST,51.4575,-3.403056
VRP,ST MARTINS HEAD,ST MARTINS HEAD,49.966511,-6.266128
VRP,ST MARTINS POINT,ST MARTINS POINT,49.421658,-2.528317
VRP,ST NINIANS,ST NINIANS,59.972778,-1.363333
VRP,STAGSHAW MASTS,STAGSHAW MASTS,55.033333,-2.023611
VRP,STEWARTBY BRICKWORKS,STEWARTBY BRICKWORKS,52.073333,-0.5175
VRP,STOKE HOLY CROSS MASTS,STOKE HOLY CROSS MASTS,52.575,1.331389
VRP,STOKESLEY,STOKESLEY,54.469722,-1.194722
VRP,STONEHAVEN,STONEHAVEN,56.9625,-2.21
VRP,STONEY CROSS (DISUSED AD),STONEY CROSS (DISUSED AD),50.911667,-1.656944
VRP,STRETTON (DISUSED AD),STRETTON (DISUSED AD),53.346111,-2.526389
VRP,STROMBERRY,STROMBERRY,59.030278,-2.933611
VRP,STUDLEY,STUDLEY,52.267778,-1.898056
VRP,SUNDERLAND HARBOUR,SUNDERLAND HARBOUR,54.918333,-1.358333
VRP,SWINTON INTERCHANGE,SWINTON INTERCHANGE,53.523333,-2.36
VRP,TADCASTER JUNCTION,TADCASTER JUNCTION,53.890508,-1.234983
VRP,TAFF ELY WIND FARM,TAFF ELY WIND FARM,51.567517,-3.471028
VRP,TALL TOWER,TALL TOWER,53.815819,-3.055244
VRP,TARBOCK ISLAND,TARBOCK ISLAND,53.398294,-2.808447
VRP,TARPORLEY ROUNDABOUT,TARPORLEY ROUNDABOUT,53.164167,-2.676111
VRP,TARRANT RUSHTON (DISUSED AD),TARRANT RUSHTON (DISUSED AD),50.85,-2.078333
VRP,TARVIN ROUNDABOUT,TARVIN ROUNDABOUT,53.194989,-2.777167
VRP,THAMES BARRIER,THAMES BARRIER,51.497222,0.036944
VRP,THE BRAIGHE,THE BRAIGHE,58.206111,-6.295833
VRP,THE LIVER BUILDING (PIER HEAD),THE LIVER BUILDING (PIER HEAD),53.405758,-2.995886
VRP,THELWALL VIADUCT,THELWALL VIADUCT,53.390556,-2.505833
VRP,THORPE ROUNDABOUTS,THORPE ROUNDABOUTS,52.626944,1.378333
VRP,THORSBY LAKE,THORSBY LAKE,53.227222,-1.055556
VRP,THRUMSTER MASTS,THRUMSTER MASTS,58.393863,-3.124313
VRP,TIUMPAN HEAD LIGHTHOUSE,TIUMPAN HEAD LIGHTHOUSE,58.260833,-6.138611
VRP,TOLSTA BEACH,TOLSTA BEACH,58.355,-6.2
VRP,TOMATIN A9 BRIDGE,TOMATIN A9 BRIDGE,57.336389,-3.981389
VRP,TOOME (DISUSED AD),TOOME (DISUSED AD),54.757778,-6.494444
VRP,TOPSHAM,TOPSHAM,50.689722,-3.480278
VRP,TROWELL (M1 SERVICE AREA),TROWELL (M1 SERVICE AREA),52.961667,-1.2675
VRP,TUNBRIDGE WELLS,TUNBRIDGE WELLS,51.133333,0.265
VRP,TURRIFF,TURRIFF,57.538611,-2.46
VRP,TYNE BRIDGES,TYNE BRIDGES,54.9675,-1.606944
VRP,VICARS CROSS ROUNDABOUT,VICARS CROSS ROUNDABOUT,53.195,-2.843889
VRP,WARE,WARE,51.811667,-0.026667
VRP,WASHINGTON INTERSECTION (A24/A283),WASHINGTON INTERSECTION (A24/A283),50.909444,-0.407778
VRP,WATCHET HARBOUR,WATCHET HARBOUR,51.18195,-3.327731
VRP,WELLS MAST,WELLS MAST,51.237067,-2.625378
VRP,WEMBLEY,WEMBLEY,51.556069,-0.279561
VRP,WENVOE TV MAST,WENVOE TV MAST,51.4593,-3.281569
VRP,WEST KILBRIDE BEACH,WEST KILBRIDE BEACH,55.685556,-4.868056
VRP,WEST LINTON GOLF COURSE,WEST LINTON GOLF COURSE,55.7525,-3.378889
VRP,WEST MEON CROSS ROADS,WEST MEON CROSS ROADS,51.031361,-1.075061
VRP,WHALEY BRIDGE,WHALEY BRIDGE,53.326389,-1.991667
VRP,WHITEHEAD,WHITEHEAD,54.752778,-5.709444
VRP,WHITSTABLE HARBOUR,WHITSTABLE HARBOUR,51.363333,1.026667
VRP,WICKHAM,WICKHAM,50.900008,-1.187444
VRP,WIGAN LAKES,WIGAN LAKES,53.521336,-2.62785
VRP,WINSFORD FLASH,WINSFORD FLASH,53.185,-2.512222
VRP,WINTER HILL MAST,WINTER HILL MAST,53.625558,-2.514928
VRP,WOBURN TOWN,WOBURN TOWN,51.99,-0.619167
VRP,WORPLESDON RAILWAY STATION,WORPLESDON RAILWAY STATION,51.287778,-0.5825
